,rating,total_rating,price,next_month_bought,offer,brand,model_name,screen_size_inches,colour,hard_disk_size_GB,cpu_model,ram_GB,os,special_features,graphics_card
0,4.3,63,85990.0,0,28,Lenovo,Yoga Slim,14,Luna Grey,512.0,Intel Core Ultra 5,16,Windows 11 Home,"Anti Glare Coating, Backlit Keyboard, HD Audio",Integrated
1,4.0,313,38000.0,500,27,Lenovo,Lenovo V15,15,Gray,512.0,Ryzen 5,16,Windows 11,HD Audio,Integrated
2,3.1,62,16990.0,200,60,Neopticon,BrowseBook,14,Gray,128.0,Celeron N4020,4,Windows 11 Home,"HD Audio, Memory Card Slot",Integrated
3,3.9,2071,24490.0,400,38,acer,Aspire Lite,15,Steel Gray,512.0,Ryzen 3,16,Windows 11 Home,Lightweight,Integrated
4,4.0,48,99990.0,50,17,ASUS,ASUS Vivobook,16,Black |,512.0,Intel Core 7,16,Windows 11 Home,"Anti-glare display, Backlit Keyboard, Precision touchpad",Integrated
5,4.2,614,71800.0,100,19,ASUS,TUF Gaming,15,"Black, R7",512.0,AMD Ryzen 7,16,Windows 11 Home,Anti-glare display,Dedicated
6,4.1,10,36990.0,200,13,HP,DQ3149TU,14,Black,512.0,Celeron,8,Windows 11 Home,"Anti Glare Coating, Lightweight",Integrated
7,3.6,5,103990.0,50,18,HP,HP Gaming,39,Mica Silver,1000.0,Core i7,24,Windows 11 Home,"Anti Glare Coating, RGB Backlit",Dedicated
8,3.9,766,58490.0,200,26,HP,HP Laptop,39,Silver,1000.0,Core i5,16,Windows 11 Home,"Anti Glare Coating, Backlit Keyboard",Integrated
9,3.4,818,26980.0,200,28,acer,Aspire 3,15,Silver,512.0,Others,8,Windows 11 Home,Thin,Integrated
10,3.8,56,41890.0,50,47,Lenovo,Lenovo V14,14,Iron Grey,512.0,Core i3,8,Windows 11 Home,"Anti Glare Coating, HD Audio, Lightweight, Spill Resistant",Integrated
11,3.5,70,49990.0,200,43,Lenovo,ThinkBook 16,16,R7 7735HS,512.0,Ryzen 7,16,Windows 11 Home,"Anti Glare Coating, Backlit Keyboard, Fingerprint Reader, HD Audio, Lightweight",Integrated
12,4.0,60,86990.0,50,13,ASUS,ASUS TUF,16,Mecha Gray,1000.0,Ryzen 7,16,Windows 11 Home,"144Hz Refresh Rate, 300nits Brightness, Anti-glare display",Dedicated
13,4.1,964,40990.0,500,27,HP,HP Laptop,39,Natural Silver,512.0,Core i3 Family,12,Windows 11 Home,Anti Glare Coating,Integrated
14,4.2,100,42990.0,200,24,Dell,Inspiron,15,Silver,512.0,Ryzen 5,16,Windows 11 Home,LED-Backlit,Integrated
15,3.8,347,65990.0,300,24,HP,HP Laptop,39,Blue,512.0,Ryzen 5,16,Windows 11 Home,"Anti Glare Coating, Micro Edge Display",Dedicated
16,5.0,1,72390.0,0,20,Lenovo,IdeaPad Slim,15,Luna Grey,1000.0,Intel Core i7,24,Windows 11 Home,"Anti Glare Coating, Backlit Keyboard, HD Audio",Integrated
17,4.2,614,99990.0,200,15,ASUS,ASUS TUF,15,Graphite Black,512.0,AMD Ryzen 7,16,Windows 11 Home,"720P HD camera, Anti-glare display, Backlit Keyboard",Dedicated
18,3.4,818,26490.0,100,28,acer,Aspire 3,14,Silver,512.0,Others,12,Windows 11 Home,Thin,Integrated
19,3.9,2071,34320.0,0,0,acer,Aspire Lite,15,Gray,512.0,Ryzen 5,16,Windows 11 Home,"HD Audio, Lightweight, Numeric Keypad",Integrated
20,4.2,48,114990.0,0,15,Lenovo,Yoga Slim,15,2024 Aura,1000.0,Intel Core Ultra 7,32,Windows 11 Home,"Anti Glare Coating, Backlit Keyboard, HD Audio",Integrated
21,3.7,32,56501.0,50,34,Lenovo,E14 Gen,14,Graphite Black,512.0,Ryzen 5,16,Windows 11,"Anti Glare Coating, Backlit Keyboard, Copilot, Fingerprint Reader, HD Audio, Lightweight",Integrated
24,3.9,668,48990.0,50,27,acer,Aspire Lite,15,Silver,512.0,Core i5-12450H,16,Windows 11 Home,"Backlit Keyboard, Lightweight, Thin",Integrated
26,3.6,4,83290.0,50,28,Lenovo,LOQ,15,Luna Grey,512.0,Intel Core i7,24,Windows 11 Home,"Backlit Keyboard, HD Audio",Dedicated
27,3.8,347,103990.0,50,21,HP,HP Laptop,39,Blue,1000.0,Ryzen 9,16,Windows 11 Home,Anti Glare Coating,Dedicated
28,4.2,84,61990.0,200,37,HP,HP Laptop,40,Glacier Silver,1000.0,Snapdragon X,16,Windows 11 Home,Unknown,Integrated
29,4.5,437,18590.0,200,40,Primebook,Primebook 2,11,Gray,128.0,MediaTek Helio,6,PrimeOS 3.0,"Lightweight, Memory Card Slot",Integrated
30,4.4,494,68490.0,0,39,Dell,Dell 15,15,Platinum Silver,512.0,Core i7 Family,16,Windows 11 Home,"Anti Glare Coating, Backlit Keyboard, Memory Card Slot, Numeric Keypad",Integrated
31,3.0,510,14990.0,50,48,JIO,JioBook,11,Blue,64.0,Others,4,JioOS,"4G-LTE & Dual band WiFi, Data sharing with existing Jio Mobile number, Multi-Window Support, Premium SoftMaker Office2024 included for lifetime, Ultra-light and compact < 1kg, Universal compatibilitySee more",Integrated
34,3.8,104,35870.0,500,13,HP,G10,15,Grey,512.0,Ryzen 3,16,DOS,"Anti Glare Coating, HD Audio, Memory Card Slot, Numeric Keypad",Integrated
35,4.1,211,30990.0,200,26,ASUS,ASUS Vivobook,14,Mixed Black,512.0,Ryzen 3,8,Windows 11 Home,"60Hz refresh rate, Anti-glare display",Integrated
36,5.0,1,499990.0,0,20,Alienware,Alienware 16,16,Black,2000.0,Intel Core Ultra 9,64,Windows 11 Home,RGB lighting,Dedicated
37,3.6,33,26980.0,200,32,Lenovo,IdeaPad 1,15,Cloud Grey,512.0,Celeron,8,Windows 11 Home,"Anti Glare Coating, HD Audio, Memory Card Slot",Integrated
38,3.4,113,16990.0,50,57,FUTOPIA,APEX,14,Silver,512.0,Celeron N4020,8,Window Home 11,"Anti Glare Coating, HD Audio, Lightweight, Memory Card Slot",Integrated
39,4.1,121,62990.0,300,33,Samsung,Samsung Galaxy,15,Gray,512.0,Intel Core i5,16,Windows 11 Home,"Fingerprint Reader, HD Audio, Memory Card Slot, Numeric Keypad",Integrated
40,4.1,9,449990.0,0,12,ASUS,ROG Strix,18,Off Black,2000.0,Intel Core Ultra 9,64,Windows 11 Home,"1080P FHD IR Camera for Windows Hello, Anti-glare display, ROG Nebula HDR Display, ROG intelligent coolingSee more",Dedicated
41,3.8,16,229990.0,0,6,ASUS,ROG Strix,16,Eclipse Gray,1000.0,Intel Core Ultra 9,32,Windows 11 Home,"1080P FHD IR Camera for Windows Hello, Anti-glare display, ROG Nebula Display, ROG intelligent coolingSee more",Dedicated
42,4.0,2493,38000.0,0,37,Lenovo,IdeaPad,15,Cloud Grey,512.0,Ryzen 5,8,Windows 11 Home,HD Audio,Integrated
44,3.7,468,58490.0,50,26,Dell,Vostro 3530,15,Silver,512.0,Core i5,16,Windows 11 Home,10 Key Numeric Pad,Integrated
45,4.1,120,45049.0,100,37,Samsung,Samsung Galaxy,15,Gray,512.0,Intel Core i5,16,Windows 11 Home,"Fingerprint Reader, HD Audio, Memory Card Slot, Numeric Keypad",Integrated
46,3.8,115,46990.0,100,8,acer,Aspire Lite,15,Steel Gray,512.0,Core i5,16,Windows 11 Home,Thin,Integrated
47,4.2,1293,48490.0,100,21,HP,HP Laptop,39,Ryzen 7-7th,512.0,Ryzen 7,16,Windows 11 Home,"Anti Glare Coating, Backlit Keyboard",Integrated
48,0.0,0,99990.0,0,14,HP,HP Laptop,14,Glacier silver,1000.0,Intel Core 7,16,Windows 11 Home,"Backlit Keyboard, Micro-Edge Display",Integrated
49,3.9,754,53990.0,0,16,HP,HP Laptop,15,Natural Silver,512.0,Core i5,16,Windows 11 Home,"Backlit Keyboard, Micro-Edge Display",Integrated
50,3.7,21,48490.0,0,24,Dell,Unknown,15,Platinum Silver,,Unknown,0,Unknown,fhd Display,Unknown
51,4.0,39,46990.0,100,43,Lenovo,ThinkBook 16,16,R7 7735HS,512.0,Ryzen 7,16,Windows 11 Home,"Anti Glare Coating, Backlit Keyboard, Fingerprint Reader, HD Audio, Lightweight",Integrated
52,3.8,42,49990.0,0,31,ASUS,ASUS Vivobook,14,Quiet Blue,512.0,Intel Core 5,16,Windows 11 Home,"720p HD camera with privacy shutter, Anti-glare display, Backlit Keyboard, Fingerprint Reader",Integrated
53,3.5,8,89990.0,0,19,HP,HP Laptop,39,Performance blue,512.0,Intel Core 7,16,Windows 11 Home,"Anti Glare Coating, Micro Edge Display",Dedicated
54,3.9,441,34990.0,0,33,ASUS,ASUS Vivobook,14,Corei3-13 |,512.0,Core i3,8,Windows 11 Home,"60Hz refresh rate, Anti-glare display",Integrated
55,3.3,32,65990.0,0,28,ASUS,ASUS Vivobook,16,Cool Silver,512.0,Intel Core i7,16,Windows 11 Home,"144Hz refresh rate, 45% NTSC color gamut, 86% Screen-to-body ratio, Anti-glare display, TÜV Rheinland-certifiedSee more",Dedicated
56,3.8,303,72990.0,50,27,HP,HP Laptop,35,Silver,1000.0,Core i5,16,Windows 11 Home,"Backlit Keyboard, Edge to edge, FHD, Fingerprint Reader, Micro-Edge Display",Integrated
57,3.5,63,52990.0,0,0,Lenovo,ThinkBook 16,16,R7 7735HS,512.0,Ryzen 7,16,Windows 11 Home,"Anti Glare Coating, Backlit Keyboard, Fingerprint Reader, HD Audio, Lightweight",Integrated
58,3.9,663,52990.0,0,22,acer,Aspire Lite,15,Silver,512.0,Intel Core i7,16,Windows 11 Home,Backlit Keyboard,Integrated
59,4.0,318,147990.0,0,12,HP,HP Gaming,16,Shadow Black,1000.0,Ryzen 9,24,Windows 11 Home,RGB Backlit,Dedicated
60,0.0,0,72433.0,0,39,Lenovo,ThinkPad E14,14,Black,,Intel Core Ultra 5,16,DOS,Unknown,Integrated
61,4.2,92,34990.0,100,21,ASUS,ASUS Vivobook,15,Quiet Blue,512.0,Core i3,16,Windows 11 Home,"45% NTSC color gamut, Anti-glare display",Integrated
62,3.8,217,38490.0,200,49,Dell,Vostro 3530,15,Carbon Grey,512.0,Core i3,16,Windows 11 Home,Spill Resistance Keyboard,Integrated
63,4.1,21,145990.0,0,22,Lenovo,LOQ,15,Luna Grey,1000.0,Intel Core i7,16,Windows 11 Home,"Backlit Keyboard, HD Audio",Dedicated
64,4.0,306,32870.0,500,31,Lenovo,Lenovo V15,15,Gray,512.0,Ryzen 5,16,Windows 11,HD Audio,Integrated
65,3.7,20,72990.0,0,32,Samsung,Samsung Galaxy,15,Gray,512.0,Intel Core 5,16,Windows 11 Home,"Fingerprint Reader, HD Audio, Memory Card Slot, Numeric Keypad",Integrated
68,0.0,0,114990.0,0,26,Lenovo,Yoga Slim,14,Luna Grey,1000.0,Intel Core Ultra 7,32,Windows 11 Home,"Anti Glare Coating, Backlit Keyboard, HD Audio",Integrated
70,2.4,2,484990.0,0,0,MSI,Titan 18,46,Core Black,6000.0,Intel Core Ultra 9,96,Windows 11 Home,"Advanced Cooling System, AI-Enabled Processor, MiniLED Display, Cherry Mechanical Per-Key RGB Gaming KeyboardSee more",Dedicated
71,4.0,1981,29990.0,200,29,HP,HP Laptop,39,Natural Silver,512.0,Ryzen 3,8,Windows 11 Home,Anti Glare Coating,Integrated
72,3.6,5,103990.0,50,20,HP,HP Gaming,39,Mica Silver,1000.0,Core i7,24,Windows 11 Home,"Anti Glare Coating, RGB Backlit",Dedicated
79,3.9,663,52990.0,50,27,acer,Aspire Lite,15,Silver,512.0,Core i5-12450H,16,Windows 11 Home,"Backlit Keyboard, Lightweight, Thin",Integrated
80,4.1,563,55990.0,200,24,ASUS,ASUS Vivobook,15,Office 2024_Blue,512.0,Core i5,16,Windows 11 Home,"60Hz refresh rate, Anti-glare display",Integrated
81,0.0,0,251500.0,0,14,Lenovo,ThinkPad P16v,16,Black,1000.0,Intel Core Ultra 9,32,Windows 11 Pro,"Anti Glare Coating, Low Blue Light",RTX 3000 Ada Generation
83,3.5,117,57700.0,100,28,acer,Aspire Go,14,Gray,512.0,Intel Core Ultra 5,16,Windows 11 Home,Visibly Stunning,Integrated
86,4.1,372,57200.0,200,26,Lenovo,IdeaPad Slim,0,Luna Grey,512.0,Unknown,16,Windows 11 Home,"Anti Glare Coating, HD Audio, Memory Card Slot",Integrated
90,3.5,3,79990.0,0,29,Lenovo,IdeaPad 5,14,Luna Grey,1000.0,Intel Core Ultra 5,16,Windows 11 Home,"Backlit Keyboard, HD Audio, Lightweight, Support Stylus",Integrated
91,3.7,27,49999.0,0,28,HP,HP Laptop,39,12GB Natural,512.0,Core i5,12,Windows 11 Home,"Anti Glare Coating, Backlit Keyboard",Integrated
92,4.1,20,116990.0,0,20,ASUS,ROG Strix,16,Eclipse Gray,1000.0,Ryzen 9,16,Windows 11 Home,"Anti-glare display, ROG intelligent cooling",Dedicated
93,4.3,17,279990.0,0,4,Apple,MacBook Pro,16,Space Black,,Apple M4,24,Mac OS,Backlit Keyboard,Integrated
94,4.1,202,31890.0,50,27,ASUS,ASUS Vivobook,14,Green,512.0,Ryzen 3,8,Windows 11 Home,"60Hz refresh rate, Anti-glare display",Integrated
95,4.1,7,439990.0,0,8,MSI,Titan 18,46,Core Black,6000.0,Intel Core Ultra 9,64,Windows 11 Home,Unknown,Dedicated
96,3.6,7,274990.0,0,17,ASUS,ROG Flow,13,Off Black,1000.0,Ryzen AI,32,Windows 11 Home,"13MP camera and 5MP IR camera, Glossy display",Integrated
97,3.9,52,86990.0,50,22,ASUS,ASUS TUF,16,Mecha Gray,1000.0,Ryzen 7,16,Windows 11 Home,"144Hz Refresh Rate, 300nits Brightness, Anti-glare display",Dedicated
100,3.9,86,103990.0,50,13,HP,Victus,15,Mica Silver,512.0,Core i7 Family,16,Windows 11 Home,"Anti Glare Coating, Backlit Keyboard",Dedicated
101,4.2,9,70475.0,100,25,Lenovo,LOQ,15,Luna Grey,512.0,Ryzen 7,16,Windows 11 Home,"Backlit Keyboard, HD Audio",Dedicated
102,2.8,10,13490.0,0,34,THOMSON,Thomson Neo,14,Silver,128.0,Celeron,4,Windows 11,Dual Stereo Speaker,Intel® UHD Graphics
103,2.1,5,51990.0,0,31,HP,HP 15,15,Turbo Silver,512.0,Core i5,16,Windows 11 Pro,"Anti Glare Coating, Backlit Keyboard, HD Audio, Lightweight, Spill Resistant",Integrated
104,4.1,21,115019.0,0,22,Lenovo,LOQ,15,Luna Grey,1000.0,Intel Core i7,16,Windows 11 Home,"Backlit Keyboard, HD Audio",Dedicated
105,4.4,7,134990.0,0,11,MSI,Katana 15,40,Black,512.0,Intel Core i7,16,Windows 11 Home,165Hz Refresh Rate,Dedicated
106,4.3,3,63000.0,0,24,Lenovo,V15 G4,15,Iron Grey,16.0,Core i7,16,Windows 11,Unknown,Integrated
107,3.9,129,40813.0,0,23,ASUS,ASUS Vivobook,14,Black,512.0,Ryzen 5,16,Windows 11 Home,"60Hz refresh rate, Anti-glare display",Integrated
112,4.0,1746,64990.0,200,17,HP,HP Laptop,15,Silver,1000.0,Intel Core Ultra 5,16,Windows 11 Home,"Anti Glare Coating, Backlit Keyboard",Integrated
113,5.0,3,40990.0,0,25,ASUS,ASUS Vivobook,14,Black,512.0,Ryzen 5,8,Windows 11 Home,"60Hz refresh rate, Anti-glare display",Integrated
114,0.0,0,39990.0,0,47,Dell,Inspiron 14,14,Ice Blue,512.0,Core i3,16,Windows 11 Home,"Anti Glare Coating, HD Audio, Lightweight, Memory Card Slot",Integrated
115,4.4,241,21590.0,100,38,Primebook,Primebook 2,14,Aqua,128.0,MediaTek Helio,8,PrimeOS 3.0,"Anti Glare Coating, Backlit Keyboard, Lightweight, Memory Card Slot",Integrated
117,3.7,210,24990.0,50,48,acer,CB315-4H,15,Silver,128.0,Others,8,Chrome OS,"Anti Glare Coating, HD Audio, Long battery life, Memory Card Slot, Numeric Keypad",Integrated
118,4.0,7,49999.0,0,10,HP,HP Laptop,39,Silver,512.0,Core i5,16,DOS,IPS,Integrated
119,3.9,277,71990.0,50,19,acer,Acer ALG,15,Gray,512.0,Core i5,16,Windows 11 Home,Gaming Laptop,Dedicated
123,1.0,1,194513.0,0,28,Lenovo,Legion Pro,16,Eclipse Black,1000.0,Intel Core Ultra 7,32,Windows 11 Home,"Backlit Keyboard, HD Audio",Dedicated
124,4.0,683,36990.0,50,38,acer,Aspire 3,15,Steel Gray,512.0,Core i3,16,Windows 11 Home,Thin,Integrated
125,4.1,97,52990.0,100,17,ASUS,ASUS Vivobook,15,Blue |,512.0,Ryzen 7,8,Windows 11 Home,"45% NTSC color gamut, Anti-glare display, Backlit Keyboard",Integrated
126,4.4,32,36990.0,100,33,ASUS,ASUS Vivobook,15,Cool Silver,512.0,Core i3,8,Windows 11 Home,Anti-glare display,Integrated
128,4.0,512,32870.0,100,42,Lenovo,IdeaPad,15,Cloud Grey,512.0,Ryzen 5,16,Windows 11 Home,Anti Glare Coating,Integrated
129,0.0,0,174990.0,0,11,GIGABYTE,AERO 16,16,Silver,1000.0,Core i9,0,Windows 11,"Backlit Keyboard, Thin, Webcam",Dedicated
135,4.2,9,83290.0,100,25,Lenovo,LOQ,15,Luna Grey,512.0,Ryzen 7,16,Windows 11 Home,"Backlit Keyboard, HD Audio",Dedicated
137,4.3,45,88990.0,0,25,Lenovo,Yoga Slim,14,2025 Aura,1000.0,Intel Core Ultra 5,16,Windows 11 Home,"Anti Glare Coating, HD Audio, Memory Card Slot",Integrated
138,4.2,620,36996.0,0,12,Lenovo,IdeaPad,14,PLATINUM_GREY,256.0,Core i3,8,Windows 11 Home,"Anti Glare Coating, Lightweight, Thin",Integrated
139,3.9,582,29999.0,50,33,acer,Aspire Lite,15,Steel Gray,512.0,Core i3,8,Windows 11 Home,Thin,Integrated
140,0.0,0,180490.0,0,10,HP,14-fh0029TU,14,Eclipse Grey,1000.0,Intel Core Ultra 7,32,Windows,Thin,Integrated
144,4.2,3,150990.0,0,3,Microsoft,Surface Laptop,15,Graphite,1000.0,Snapdragon,16,Windows 11 Home,HD Audio,Integrated
145,0.0,0,204279.0,0,0,MSI,Stealth 16,41,Pure White,1000.0,Intel Core i7,32,Windows 11 Home,Built-in Microphone,Dedicated
146,3.1,6,142976.0,0,14,HP,HP Gaming,16,Shadow Black,1000.0,Intel Core i9,24,Windows 11 Home,RGB Backlit,Dedicated
147,4.4,4,139990.0,0,21,ASUS,ASUS TUF,16,Jaeger Gray,1000.0,Intel Core i7,32,Windows 11 Home,Anti-glare display,Dedicated
148,5.0,1,89990.0,0,19,HP,HP Laptop,39,Mica Silver,512.0,Core i5,16,Windows 11 Home,"Anti Glare Coating, Micro Edge Display",Dedicated
149,1.0,1,65990.0,0,10,HP,HP Laptop,35,Silver,512.0,Intel Core Ultra 5,16,Windows 11 Home,"Anti Glare Coating, Backlit Keyboard",Integrated
151,4.0,21,31990.0,0,36,Lenovo,Lenovo V15,15,Arctic Grey,512.0,Ryzen 3,8,Windows 11 Home,"Anti Glare Coating, Thin",Integrated
152,4.0,2488,37600.0,0,40,Lenovo,IdeaPad,15,Cloud Grey,512.0,Ryzen 5,8,Windows 11 Home,HD Audio,Integrated
156,3.5,92,73490.0,0,22,acer,ALG,15,Gray,1000.0,Core i7,16,Windows 11 Home,"HD Audio, Memory Card Slot, Numeric Keypad",Dedicated
157,4.1,21,46980.0,0,62,Lenovo,82TS00PDLM,14,Iron Grey,512.0,Core i5,8,Windows 11 Home,"Fhd Display, Spill Resistant, Ssd Storage, Thin, Windows 11",Integrated
158,3.8,6,114990.0,0,39,MSI,Katana 15,40,Black,,Core i7,16,Windows 11 Home,Unknown,Dedicated
159,4.0,127,49690.0,0,41,Lenovo,IdeaPad,15,Arctic Grey,512.0,Core i5,16,Windows 11 Home,HD Audio,Integrated
160,3.5,23,48591.0,0,21,Dell,Inspiron 15,15,Black,512.0,Core i5,16,Windows 11 Home,"MS OFFICE, Numeric Keypad, WIndows 11",Integrated
161,3.6,64,100990.0,0,40,Samsung,Galaxy Book2,13,Silver,,Core i7,16,Windows 11 Home,"Anti Glare Coating, Backlit Keyboard, Fingerprint Reader",Integrated
162,4.0,0,33999.0,0,35,Lenovo,Lenovo 14,14,Iron Grey,512.0,Core i3,8,Windows 11 Pro,"Anti Glare Coating, HD Audio, Lightweight",Integrated
163,3.8,269,52490.0,0,24,HP,HP Laptop,15,Silver,512.0,Core i5,16,Windows 11 Home,"Anti Glare Coating, Backlit Keyboard, Fingerprint Reader, HD Audio, Micro-edge",Integrated
164,3.6,346,73990.0,0,27,ASUS,ASUS Vivobook,16,Black |,512.0,Unknown,16,Windows 11 Home,"Backlit Keyboard, Num-key",Dedicated
166,4.1,233,59990.0,0,20,ASUS,ASUS Vivobook,16,Silver,512.0,Core i5-12500H,16,Windows 11 Home,"Backlit Keyboard, Fingerprint Reader, Lightweight",Integrated
167,4.6,3,57990.0,0,28,MSI,Thin 15,40,Cosmos Gray,1000.0,Core i5,16,Windows 11 Home,Unknown,Dedicated
168,4.0,23,249990.0,0,8,ASUS,ROG Strix,16,Eclipse Gray,1000.0,Ryzen 9,16,Windows 11 Home,"1080P FHD camera, Anti-glare display, ROG intelligent cooling",Dedicated
169,4.1,9,484990.0,0,12,ASUS,ROG Strix,18,Off Black,2000.0,Intel Core Ultra 9,64,Windows 11 Home,"1080P FHD IR Camera for Windows Hello, Anti-glare display, ROG Nebula HDR Display, ROG intelligent coolingSee more",Dedicated
170,3.7,7,139990.0,0,21,ASUS,ASUS Zenbook,16,Scandinavian White,1000.0,AMD Ryzen 7,24,Windows 11 Home,"500nits HDR peak brightness, Backlit Keyboard, Lightweight, Precision touchpad, Touch screen Display",Integrated
171,4.7,966,119490.0,100,5,Apple,13-inch MacBook,13,Silver,256.0,Apple M4,16,Mac OS,"Backlit Keyboard, Fingerprint Reader",Integrated
172,2.0,2,49010.0,0,43,HP,HP 14,14,Silver,512.0,Core i5,8,Windows 11 Home,"Anti Glare Coating, Backlit Keyboard, Fingerprint Reader, HD Audio, Lightweight",Integrated
173,4.4,17,163490.0,0,11,HP,HP Laptop,40,Black,1000.0,Intel Core Ultra 9,32,Windows 11 Home,"Anti Glare Coating, Backlit Keyboard",Dedicated
178,5.0,1,33999.0,0,51,Dell,Inspiron 14,14,Ice Blue,512.0,Core i3,16,Windows 11 Pro,"Anti Glare Coating, HD Audio, Lightweight, Memory Card Slot",Integrated
179,3.6,17,39850.0,50,29,HP,HP 15,15,Ash Grey,512.0,Core i3,16,Windows 11 Pro,"Anti Glare Coating, Fingerprint Reader, HD Audio, Lightweight, Numeric Keypad",Integrated
180,5.0,2,97990.0,0,0,Microsoft,Laptop 4,15,Platinum,256.0,Ryzen 7,8,Windows 11 Home,"1.542 Kilogram, AMD Ryzen™ Microsoft Surface® Edition processor.2, Open effortlessly with one finger and enjoy uninterrupted productivity on the PixelSense™ touchscreen thanks to whisper-quiet cooling., Stream programmes and films with immersive cinema-like sound with Dolby Atmos®7, Ultra-thin and light, invisible hinge you can open with one finger.See more",Integrated
181,2.6,3,181423.0,0,0,MSI,Prestige 16,41,Stellar Gray,1000.0,Core i9,32,Windows 11 Home,Thin,Dedicated
182,3.8,80,31940.0,0,0,HP,HP 14,14,Ash Grey,512.0,Ryzen 5,8,Windows 11,"Anti Glare Coating, HD Audio, Lightweight",Integrated
183,0.0,0,32995.0,0,59,Generic,Dell_Laptop 5420-16-512,14,Silver,512.0,Core i5,16,Windows 10,Anti Glare Coating,Integrated
184,4.1,167,63990.0,0,17,HP,HP Laptop,39,"Silver, i5",512.0,Core i5,16,Windows 11 Home,"Anti Glare Coating, Backlit Keyboard, Fingerprint Reader, HD Audio, Micro-edge",Integrated
185,0.0,0,62999.0,0,27,Lenovo,Lenovo V15,15,Luna Grey,,Intel Core i7,16,DOS,Unknown,Integrated
186,4.0,59,35990.0,500,49,Lenovo,Lenovo V15,15,Iron Grey,512.0,Core i3,16,Windows 11 Home,"Anti Glare Coating, HD Audio, Lightweight, Spill Resistant",Integrated
188,3.9,547,60990.0,0,20,HP,HP Laptop,39,Mica Silver,512.0,Others,16,Windows 11 Home,"Anti Glare Coating, Micro Edge Display",Dedicated
189,4.2,118,42990.0,0,17,HP,HP Pavilion,15,Silver,1000.0,Ryzen 5,16,Windows 11 Home,"Anti Glare Coating, Backlit Keyboard, HD Audio, Lightweight, Micro-Edge Display",Integrated
190,5.0,1,94990.0,0,37,MSI,Katana 15,40,Black,,Intel Core i7,16,Windows 11 Home,RGB backlit,Dedicated
191,5.0,1,29999.0,0,57,acer,Aspire Lite,15,Steel Grey,512.0,Ryzen 3 5300U,16,Windows 11 Home,"HD Audio, Lightweight, Memory Card Slot, Numeric Keypad, Thin",Integrated
192,0.0,0,142976.0,0,13,MSI,Cyborg 15,40,Translucent Black,,Intel Core 7,16,Windows 11 Home,Unknown,Dedicated
194,5.0,4,150990.0,0,6,Microsoft,Surface Laptop,13,Graphite,512.0,Snapdragon,16,Windows 11 Home,HD Audio,Integrated
195,3.3,46,77500.0,0,18,HP,HP Laptop,35,Silver,512.0,Others,16,Windows 11 Home,"Anti Glare Coating, Built in Microphone",Integrated
196,3.8,52,36990.0,50,47,Lenovo,Lenovo V14,14,Iron Grey,512.0,Core i3,8,Windows 11 Home,"Anti Glare Coating, HD Audio, Lightweight, Spill Resistant",Integrated
200,3.2,10,33999.0,200,57,Dell,Inspiron 14,14,Ice Blue,512.0,Core i3,8,Windows 11 Home,"Anti Glare Coating, HD Audio, Lightweight, Memory Card Slot",Integrated
201,0.0,0,10990.0,0,84,Generic,5530-8-128,15,Black,128.0,Core i5 3340M,8,Windows 10 Pro,Business Laptop,Integrated
202,4.0,80,40990.0,50,33,acer,Travel Lite,14,Silver,512.0,Ryzen 3,16,Windows 11 Pro,"Anti Glare Coating, HD Audio, Lightweight, Spill Resistant",Integrated
203,0.0,0,25990.0,0,0,Generic,Ienovo T590-16-512,15,Black,512.0,Core i7-8665U,16,Windows 10,"Anti Glare Coating, Fingerprint Reader, Webcam",Integrated
205,3.2,4,178104.0,0,0,HP,16-aa0015TU,40,Black,1000.0,Intel Core Ultra 7,16,Windows 11 Home,"9MP IR Camera, Backlit KB",Integrated
206,4.0,512,32870.0,0,42,Lenovo,IDEAPAD,15,Cloud Grey,512.0,Ryzen 3,8,Windows 11 Home,"Anti Glare Coating, HD Audio, Memory Card Slot",Integrated
